{"type":"FeatureCollection", "features": [
{"type":"Feature","geometry":{"type":"Point","coordinates":[-99.12453169877706,19.486285379281284,0]},"properties":{"SISTEMA":"Metrobús","NOMBRE":"Dep. 18 de Marzo","LINEA":"01","EST":"02","CVE_EOD17":"11013","TIPO":"Transbordo","ALCALDIAS":"Gustavo A. Madero","AÑO":2005,"CVE_EST":"MB0102"}},
{"type":"Feature","geometry":{"type":"Point","coordinates":[-99.12763223387697,19.482519101724726,0]},"properties":{"SISTEMA":"Metrobús","NOMBRE":"Eúzkaro","LINEA":"01","EST":"03","CVE_EOD17":"11018","TIPO":"Intermedia","ALCALDIAS":"Gustavo A. Madero","AÑO":2005,"CVE_EST":"MB0103"}},
{"type":"Feature","geometry":{"type":"Point","coordinates":[-99.13246823843683,19.476638471332368,0]},"properties":{"SISTEMA":"Metrobús","NOMBRE":"Potrero","LINEA":"01","EST":"04","CVE_EOD17":"11038","TIPO":"Intermedia","ALCALDIAS":"Gustavo A. Madero","AÑO":2005,"CVE_EST":"MB0104"}},
{"type":"Feature","geometry":{"type":"Point","coordinates":[-99.13898666414428,19.468700050075963,0]},"properties":{"SISTEMA":"Metrobús","NOMBRE":"La Raza","LINEA":"01","EST":"05","CVE_EOD17":"11029","TIPO":"Transbordo","ALCALDIAS":"Gustavo A. Madero","AÑO":2005,"CVE_EST":"MB0105"}},
{"type":"Feature","geometry":{"type":"Point","coordinates":[-99.14400676821562,19.462612766654022,0]},"properties":{"SISTEMA":"Metrobús","NOMBRE":"Circuito","LINEA":"01","EST":"06","CVE_EOD17":"11008","TIPO":"Transbordo","ALCALDIAS":"Cuauhtémoc","AÑO":2005,"CVE_EST":"MB0106"}},
{"type":"Feature","geometry":{"type":"Point","coordinates":[-99.14642434507316,19.45963253601484,0]},"properties":{"SISTEMA":"Metrobús","NOMBRE":"San Simón","LINEA":"01","EST":"07","CVE_EOD17":"11042","TIPO":"Intermedia","ALCALDIAS":"Cuauhtémoc","AÑO":2005,"CVE_EST":"MB0107"}},
{"type":"Feature","geometry":{"type":"Point","coordinates":[-99.14938851582615,19.456735562915632,0]},"properties":{"SISTEMA":"Metrobús","NOMBRE":"Manuel González","LINEA":"01","EST":"08","CVE_EOD17":"11030","TIPO":"Intermedia","ALCALDIAS":"Cuauhtémoc","AÑO":2005,"CVE_EST":"MB0108"}},
{"type":"Feature","geometry":{"type":"Point","coordinates":[-99.15313066525815,19.446837951491197,0]},"properties":{"SISTEMA":"Metrobús","NOMBRE":"Buenavista","LINEA":"01","EST":"09","CVE_EOD17":"11004","TIPO":"Transbordo","ALCALDIAS":"Cuauhtémoc","AÑO":2005,"CVE_EST":"MB0109"}},
{"type":"Feature","geometry":{"type":"Point","coordinates":[-99.15441113382454,19.443345082590103,0]},"properties":{"SISTEMA":"Metrobús","NOMBRE":"El Chopo","LINEA":"01","EST":"10","CVE_EOD17":"11017","TIPO":"Intermedia","ALCALDIAS":"Cuauhtémoc","AÑO":2005,"CVE_EST":"MB0110"}},
{"type":"Feature","geometry":{"type":"Point","coordinates":[-99.15541037980192,19.44035278800546,0]},"properties":{"SISTEMA":"Metrobús","NOMBRE":"Revolución","LINEA":"01","EST":"11","CVE_EOD17":"11040","TIPO":"Intermedia","ALCALDIAS":"Cuauhtémoc","AÑO":2005,"CVE_EST":"MB0111"}},
{"type":"Feature","geometry":{"type":"Point","coordinates":[-99.157318741941,19.436045966675938,0]},"properties":{"SISTEMA":"Metrobús","NOMBRE":"Plaza de la República","LINEA":"01","EST":"12","CVE_EOD17":"11036","TIPO":"Transbordo","ALCALDIAS":"Cuauhtémoc","AÑO":2005,"CVE_EST":"MB0112"}},
{"type":"Feature","geometry":{"type":"Point","coordinates":[-99.15871450973137,19.432899100304862,0]},"properties":{"SISTEMA":"Metrobús","NOMBRE":"Reforma","LINEA":"01","EST":"13","CVE_EOD17":"11039","TIPO":"Transbordo","ALCALDIAS":"Cuauhtémoc","AÑO":2005,"CVE_EST":"MB0113"}},
{"type":"Feature","geometry":{"type":"Point","coordinates":[-99.16123541791006,19.427524408488075,0]},"properties":{"SISTEMA":"Metrobús","NOMBRE":"Hamburgo","LINEA":"01","EST":"14","CVE_EOD17":"11023","TIPO":"Transbordo","ALCALDIAS":"Cuauhtémoc","AÑO":2005,"CVE_EST":"MB0114"}},
{"type":"Feature","geometry":{"type":"Point","coordinates":[-99.1628838165615,19.423720529286115,0]},"properties":{"SISTEMA":"Metrobús","NOMBRE":"Insurgentes","LINEA":"01","EST":"15","CVE_EOD17":"11022","TIPO":"Terminal","ALCALDIAS":"Cuauhtémoc","AÑO":2005,"CVE_EST":"MB0115"}},
{"type":"Feature","geometry":{"type":"Point","coordinates":[-99.16405562946697,19.419932751962484,0]},"properties":{"SISTEMA":"Metrobús","NOMBRE":"Durango","LINEA":"01","EST":"16","CVE_EOD17":"11015","TIPO":"Intermedia","ALCALDIAS":"Cuauhtémoc","AÑO":2005,"CVE_EST":"MB0116"}},
{"type":"Feature","geometry":{"type":"Point","coordinates":[-99.16505581629377,19.416550991835987,0]},"properties":{"SISTEMA":"Metrobús","NOMBRE":"Álvaro Obregón","LINEA":"01","EST":"17","CVE_EOD17":"11002","TIPO":"Intermedia","ALCALDIAS":"Cuauhtémoc","AÑO":2005,"CVE_EST":"MB0117"}},
{"type":"Feature","geometry":{"type":"Point","coordinates":[-99.16612421930985,19.413271925410818,0]},"properties":{"SISTEMA":"Metrobús","NOMBRE":"Sonora","LINEA":"01","EST":"18","CVE_EOD17":"11044","TIPO":"Intermedia","ALCALDIAS":"Cuauhtémoc","AÑO":2005,"CVE_EST":"MB0118"}},
{"type":"Feature","geometry":{"type":"Point","coordinates":[-99.1672655931971,19.409768753876367,0]},"properties":{"SISTEMA":"Metrobús","NOMBRE":"Campeche","LINEA":"01","EST":"19","CVE_EOD17":"11005","TIPO":"Intermedia","ALCALDIAS":"Cuauhtémoc","AÑO":2005,"CVE_EST":"MB0119"}},
{"type":"Feature","geometry":{"type":"Point","coordinates":[-99.16830486099536,19.406578833117695,0]},"properties":{"SISTEMA":"Metrobús","NOMBRE":"Chilpancingo","LINEA":"01","EST":"20","CVE_EOD17":"11007","TIPO":"Intermedia","ALCALDIAS":"Cuauhtémoc","AÑO":2005,"CVE_EST":"MB0120"}},
{"type":"Feature","geometry":{"type":"Point","coordinates":[-99.16978385573115,19.40204318197165,0]},"properties":{"SISTEMA":"Metrobús","NOMBRE":"Nuevo León","LINEA":"01","EST":"21","CVE_EOD17":"11032","TIPO":"Transbordo","ALCALDIAS":"Cuauhtémoc","AÑO":2005,"CVE_EST":"MB0121"}},
{"type":"Feature","geometry":{"type":"Point","coordinates":[-99.17111120244833,19.397970337893266,0]},"properties":{"SISTEMA":"Metrobús","NOMBRE":"La Piedad","LINEA":"01","EST":"22","CVE_EOD17":"11028","TIPO":"Transbordo","ALCALDIAS":"Benito Juárez","AÑO":2005,"CVE_EST":"MB0122"}},
{"type":"Feature","geometry":{"type":"Point","coordinates":[-99.17262501859518,19.393299203269635,0]},"properties":{"SISTEMA":"Metrobús","NOMBRE":"Polifórum","LINEA":"01","EST":"23","CVE_EOD17":"11037","TIPO":"Transbordo","ALCALDIAS":"Benito Juárez","AÑO":2005,"CVE_EST":"MB0123"}},
{"type":"Feature","geometry":{"type":"Point","coordinates":[-99.1737944114527,19.389690652430065,0]},"properties":{"SISTEMA":"Metrobús","NOMBRE":"Nápoles","LINEA":"01","EST":"24","CVE_EOD17":"11031","TIPO":"Transbordo","ALCALDIAS":"Benito Juárez","AÑO":2005,"CVE_EST":"MB0124"}},
{"type":"Feature","geometry":{"type":"Point","coordinates":[-99.17509207046132,19.385686102673304,0]},"properties":{"SISTEMA":"Metrobús","NOMBRE":"Colonia del Valle","LINEA":"01","EST":"25","CVE_EOD17":"11011","TIPO":"Transbordo","ALCALDIAS":"Benito Juárez","AÑO":2005,"CVE_EST":"MB0125"}},
{"type":"Feature","geometry":{"type":"Point","coordinates":[-99.17614016128277,19.382451565772385,0]},"properties":{"SISTEMA":"Metrobús","NOMBRE":"Cd. de los Deportes","LINEA":"01","EST":"26","CVE_EOD17":"11009","TIPO":"Intermedia","ALCALDIAS":"Benito Juárez","AÑO":2005,"CVE_EST":"MB0126"}},
{"type":"Feature","geometry":{"type":"Point","coordinates":[-99.1770684026935,19.379586786836672,0]},"properties":{"SISTEMA":"Metrobús","NOMBRE":"Parque Hundido","LINEA":"01","EST":"27","CVE_EOD17":"11034","TIPO":"Intermedia","ALCALDIAS":"Benito Juárez","AÑO":2005,"CVE_EST":"MB0127"}},
{"type":"Feature","geometry":{"type":"Point","coordinates":[-99.17879652760095,19.37425309507362,0]},"properties":{"SISTEMA":"Metrobús","NOMBRE":"Félix Cuevas","LINEA":"01","EST":"28","CVE_EOD17":"11019","TIPO":"Intermedia","ALCALDIAS":"Benito Juárez","AÑO":2005,"CVE_EST":"MB0128"}},
{"type":"Feature","geometry":{"type":"Point","coordinates":[-99.18056981102607,19.36877965132617,0]},"properties":{"SISTEMA":"Metrobús","NOMBRE":"Río Churubusco","LINEA":"01","EST":"29","CVE_EOD17":"11041","TIPO":"Intermedia","ALCALDIAS":"Benito Juárez","AÑO":2005,"CVE_EST":"MB0129"}},
{"type":"Feature","geometry":{"type":"Point","coordinates":[-99.18182520026052,19.3649263909228,0]},"properties":{"SISTEMA":"Metrobús","NOMBRE":"Teatro de los Insurgentes","LINEA":"01","EST":"30","CVE_EOD17":"11045","TIPO":"Intermedia","ALCALDIAS":"Benito Juárez","AÑO":2005,"CVE_EST":"MB0130"}},
{"type":"Feature","geometry":{"type":"Point","coordinates":[-99.18284977497139,19.36175898949258,0]},"properties":{"SISTEMA":"Metrobús","NOMBRE":"José María Velasco","LINEA":"01","EST":"31","CVE_EOD17":"11025","TIPO":"Intermedia","ALCALDIAS":"Benito Juárez / Álvaro Obregón","AÑO":2005,"CVE_EST":"MB0131"}},
{"type":"Feature","geometry":{"type":"Point","coordinates":[-99.18391155626514,19.358476430441907,0]},"properties":{"SISTEMA":"Metrobús","NOMBRE":"Francia","LINEA":"01","EST":"32","CVE_EOD17":"11020","TIPO":"Intermedia","ALCALDIAS":"Álvaro Obregón","AÑO":2005,"CVE_EST":"MB0132"}},
{"type":"Feature","geometry":{"type":"Point","coordinates":[-99.18515664834338,19.35462698244498,0]},"properties":{"SISTEMA":"Metrobús","NOMBRE":"Olivo","LINEA":"01","EST":"33","CVE_EOD17":"11033","TIPO":"Intermedia","ALCALDIAS":"Álvaro Obregón","AÑO":2005,"CVE_EST":"MB0133"}},
{"type":"Feature","geometry":{"type":"Point","coordinates":[-99.18635640203826,19.35090384936112,0]},"properties":{"SISTEMA":"Metrobús","NOMBRE":"Altavista","LINEA":"01","EST":"34","CVE_EOD17":"11001","TIPO":"Intermedia","ALCALDIAS":"Álvaro Obregón","AÑO":2005,"CVE_EST":"MB0134"}},
{"type":"Feature","geometry":{"type":"Point","coordinates":[-99.18772621793681,19.346818513886824,0]},"properties":{"SISTEMA":"Metrobús","NOMBRE":"La Bombilla","LINEA":"01","EST":"35","CVE_EOD17":"11026","TIPO":"Intermedia","ALCALDIAS":"Álvaro Obregón","AÑO":2005,"CVE_EST":"MB0135"}},
{"type":"Feature","geometry":{"type":"Point","coordinates":[-99.1900369636448,19.340707214064032,0]},"properties":{"SISTEMA":"Metrobús","NOMBRE":"Doctor Gálvez","LINEA":"01","EST":"36","CVE_EOD17":"11014","TIPO":"Terminal","ALCALDIAS":"Álvaro Obregón","AÑO":2005,"CVE_EST":"MB0136"}},
{"type":"Feature","geometry":{"type":"Point","coordinates":[-99.18847295077717,19.32294736417755,0]},"properties":{"SISTEMA":"Metrobús","NOMBRE":"Cd. Universitaria","LINEA":"01","EST":"37","CVE_EOD17":"11010","TIPO":"Intermedia","ALCALDIAS":"Coyoacán","AÑO":2008,"CVE_EST":"MB0137"}},
{"type":"Feature","geometry":{"type":"Point","coordinates":[-99.18752695261456,19.315162166987157,0]},"properties":{"SISTEMA":"Metrobús","NOMBRE":"C.C.U.","LINEA":"01","EST":"38","CVE_EOD17":"11006","TIPO":"Intermedia","ALCALDIAS":"Coyoacán","AÑO":2008,"CVE_EST":"MB0138"}},
{"type":"Feature","geometry":{"type":"Point","coordinates":[-99.18612669749076,19.304109632052686,0]},"properties":{"SISTEMA":"Metrobús","NOMBRE":"Perisur","LINEA":"01","EST":"39","CVE_EOD17":"11035","TIPO":"Intermedia","ALCALDIAS":"Coyoacán","AÑO":2008,"CVE_EST":"MB0139"}},
{"type":"Feature","geometry":{"type":"Point","coordinates":[-99.18551481212353,19.29909176437757,0]},"properties":{"SISTEMA":"Metrobús","NOMBRE":"Villa Olímpica","LINEA":"01","EST":"40","CVE_EOD17":"11046","TIPO":"Intermedia","ALCALDIAS":"Tlalpan","AÑO":2008,"CVE_EST":"MB0140"}},
{"type":"Feature","geometry":{"type":"Point","coordinates":[-99.18103173192884,19.294070084678502,0]},"properties":{"SISTEMA":"Metrobús","NOMBRE":"Corregidora","LINEA":"01","EST":"41","CVE_EOD17":"11012","TIPO":"Intermedia","ALCALDIAS":"Tlalpan","AÑO":2008,"CVE_EST":"MB0141"}},
{"type":"Feature","geometry":{"type":"Point","coordinates":[-99.1775366902643,19.292595463978948,0]},"properties":{"SISTEMA":"Metrobús","NOMBRE":"Ayuntamiento","LINEA":"01","EST":"42","CVE_EOD17":"11003","TIPO":"Intermedia","ALCALDIAS":"Tlalpan","AÑO":2008,"CVE_EST":"MB0142"}},
{"type":"Feature","geometry":{"type":"Point","coordinates":[-99.1745975716401,19.288103587844745,0]},"properties":{"SISTEMA":"Metrobús","NOMBRE":"Fuentes Brotantes","LINEA":"01","EST":"43","CVE_EOD17":"11021","TIPO":"Intermedia","ALCALDIAS":"Tlalpan","AÑO":2008,"CVE_EST":"MB0143"}},
{"type":"Feature","geometry":{"type":"Point","coordinates":[-99.17530107462863,19.28326276424037,0]},"properties":{"SISTEMA":"Metrobús","NOMBRE":"Santa Úrsula","LINEA":"01","EST":"44","CVE_EOD17":"11043","TIPO":"Intermedia","ALCALDIAS":"Tlalpan","AÑO":2008,"CVE_EST":"MB0144"}},
{"type":"Feature","geometry":{"type":"Point","coordinates":[-99.16999257313039,19.280322133742757,0]},"properties":{"SISTEMA":"Metrobús","NOMBRE":"La Joya","LINEA":"01","EST":"45","CVE_EOD17":"11027","TIPO":"Intermedia","ALCALDIAS":"Tlalpan","AÑO":2008,"CVE_EST":"MB0145"}},
{"type":"Feature","geometry":{"type":"Point","coordinates":[-99.16907765168787,19.27931377110038,0]},"properties":{"SISTEMA":"Metrobús","NOMBRE":"El Caminero","LINEA":"01","EST":"46","CVE_EOD17":"11016","TIPO":"Terminal","ALCALDIAS":"Tlalpan","AÑO":2008,"CVE_EST":"MB0146"}},
{"type":"Feature","geometry":{"type":"Point","coordinates":[-99.18700776326118,19.40199476042971,0]},"properties":{"SISTEMA":"Metrobús","NOMBRE":"Tacubaya","LINEA":"02","EST":"01","CVE_EOD17":"11077","TIPO":"Terminal","ALCALDIAS":"Miguel Hidalgo","AÑO":2008,"CVE_EST":"MB0201"}},
{"type":"Feature","geometry":{"type":"Point","coordinates":[-99.1891043635208,19.407793172832058,0]},"properties":{"SISTEMA":"Metrobús","NOMBRE":"Parque Lira","LINEA":"02","EST":"02","CVE_EOD17":"11070","TIPO":"Intermedia","ALCALDIAS":"Miguel Hidalgo","AÑO":2008,"CVE_EST":"MB0202"}},
{"type":"Feature","geometry":{"type":"Point","coordinates":[-99.18590086578114,19.4048746245951,0]},"properties":{"SISTEMA":"Metrobús","NOMBRE":"Antonio Maceo","LINEA":"02","EST":"03","CVE_EOD17":"11050","TIPO":"Intermedia","ALCALDIAS":"Miguel Hidalgo","AÑO":2008,"CVE_EST":"MB0203"}},
{"type":"Feature","geometry":{"type":"Point","coordinates":[-99.18350884873917,19.407589548910526,0]},"properties":{"SISTEMA":"Metrobús","NOMBRE":"De la Salle","LINEA":"02","EST":"04","CVE_EOD17":"11057","TIPO":"Intermedia","ALCALDIAS":"Cuauhtémoc / Miguel Hidalgo","AÑO":2008,"CVE_EST":"MB0204"}},
{"type":"Feature","geometry":{"type":"Point","coordinates":[-99.17737148120327,19.40556676448849,0]},"properties":{"SISTEMA":"Metrobús","NOMBRE":"Patriotismo","LINEA":"02","EST":"05","CVE_EOD17":"11071","TIPO":"Intermedia","ALCALDIAS":"Cuauhtémoc / Miguel Hidalgo","AÑO":2008,"CVE_EST":"MB0205"}},
{"type":"Feature","geometry":{"type":"Point","coordinates":[-99.1738288990292,19.404409851760686,0]},"properties":{"SISTEMA":"Metrobús","NOMBRE":"Escandón","LINEA":"02","EST":"06","CVE_EOD17":"11061","TIPO":"Intermedia","ALCALDIAS":"Cuauhtémoc / Miguel Hidalgo","AÑO":2008,"CVE_EST":"MB0206"}},
{"type":"Feature","geometry":{"type":"Point","coordinates":[-99.17040793411587,19.403500674595442,0]},"properties":{"SISTEMA":"Metrobús","NOMBRE":"Nuevo León","LINEA":"02","EST":"07","CVE_EOD17":"11069","TIPO":"Transbordo","ALCALDIAS":"Cuauhtémoc / Miguel Hidalgo","AÑO":2008,"CVE_EST":"MB0207"}},
{"type":"Feature","geometry":{"type":"Point","coordinates":[-99.1680933404479,19.401314543451836,0]},"properties":{"SISTEMA":"Metrobús","NOMBRE":"Viaducto","LINEA":"02","EST":"08","CVE_EOD17":"11081","TIPO":"Intermedia","ALCALDIAS":"Cuauhtémoc / Benito Juárez","AÑO":2008,"CVE_EST":"MB0208"}},
{"type":"Feature","geometry":{"type":"Point","coordinates":[-99.16381574759721,19.396878357792495,0]},"properties":{"SISTEMA":"Metrobús","NOMBRE":"Amores","LINEA":"02","EST":"09","CVE_EOD17":"11048","TIPO":"Intermedia","ALCALDIAS":"Benito Juárez","AÑO":2008,"CVE_EST":"MB0209"}},
{"type":"Feature","geometry":{"type":"Point","coordinates":[-99.15500152333742,19.395841134451047,0]},"properties":{"SISTEMA":"Metrobús","NOMBRE":"Etiopía","LINEA":"02","EST":"10","CVE_EOD17":"11072","TIPO":"Terminal / Transbordo","ALCALDIAS":"Benito Juárez","AÑO":2008,"CVE_EST":"MB0210"}},
{"type":"Feature","geometry":{"type":"Point","coordinates":[-99.15170767912399,19.39560755996021,0]},"properties":{"SISTEMA":"Metrobús","NOMBRE":"Doctor Vértiz","LINEA":"02","EST":"11","CVE_EOD17":"11059","TIPO":"Intermedia","ALCALDIAS":"Benito Juárez","AÑO":2008,"CVE_EST":"MB0211"}},
{"type":"Feature","geometry":{"type":"Point","coordinates":[-99.14675568044011,19.395248034972724,0]},"properties":{"SISTEMA":"Metrobús","NOMBRE":"Centro SCOP","LINEA":"02","EST":"12","CVE_EOD17":"11054","TIPO":"Intermedia","ALCALDIAS":"Benito Juárez","AÑO":2008,"CVE_EST":"MB0212"}},
{"type":"Feature","geometry":{"type":"Point","coordinates":[-99.14294279685144,19.39475309694475,0]},"properties":{"SISTEMA":"Metrobús","NOMBRE":"Álamos","LINEA":"02","EST":"13","CVE_EOD17":"11047","TIPO":"Intermedia","ALCALDIAS":"Benito Juárez","AÑO":2008,"CVE_EST":"MB0213"}},
{"type":"Feature","geometry":{"type":"Point","coordinates":[-99.14025137073713,19.39436504913605,0]},"properties":{"SISTEMA":"Metrobús","NOMBRE":"Xola","LINEA":"02","EST":"14","CVE_EOD17":"11082","TIPO":"Intermedia","ALCALDIAS":"Benito Juárez","AÑO":2008,"CVE_EST":"MB0214"}},
{"type":"Feature","geometry":{"type":"Point","coordinates":[-99.13434908408142,19.393459454690095,0]},"properties":{"SISTEMA":"Metrobús","NOMBRE":"Las Américas","LINEA":"02","EST":"15","CVE_EOD17":"11066","TIPO":"Intermedia","ALCALDIAS":"Benito Juárez","AÑO":2008,"CVE_EST":"MB0215"}},
{"type":"Feature","geometry":{"type":"Point","coordinates":[-99.1297001048689,19.397677434417723,0]},"properties":{"SISTEMA":"Metrobús","NOMBRE":"Andrés Molina Enríquez","LINEA":"02","EST":"16","CVE_EOD17":"11049","TIPO":"Intermedia","ALCALDIAS":"Iztacalco","AÑO":2008,"CVE_EST":"MB0216"}},
{"type":"Feature","geometry":{"type":"Point","coordinates":[-99.12456230678569,19.398064619795605,0]},"properties":{"SISTEMA":"Metrobús","NOMBRE":"La Viga","LINEA":"02","EST":"17","CVE_EOD17":"11065","TIPO":"Intermedia","ALCALDIAS":"Iztacalco","AÑO":2008,"CVE_EST":"MB0217"}},
{"type":"Feature","geometry":{"type":"Point","coordinates":[-99.11678225505422,19.398283385365907,0]},"properties":{"SISTEMA":"Metrobús","NOMBRE":"Coyuya","LINEA":"02","EST":"18","CVE_EOD17":"11056","TIPO":"Intermedia","ALCALDIAS":"Iztacalco","AÑO":2008,"CVE_EST":"MB0218"}},
{"type":"Feature","geometry":{"type":"Point","coordinates":[-99.11346516727454,19.398329416102445,0]},"properties":{"SISTEMA":"Metrobús","NOMBRE":"Metro Coyuya","LINEA":"02","EST":"19","CVE_EOD17":"","TIPO":"Transbordo","ALCALDIAS":"Iztacalco","AÑO":2008,"CVE_EST":"MB0219"}},
{"type":"Feature","geometry":{"type":"Point","coordinates":[-99.10933775978602,19.397848657666984,0]},"properties":{"SISTEMA":"Metrobús","NOMBRE":"Canela","LINEA":"02","EST":"20","CVE_EOD17":"11052","TIPO":"Intermedia","ALCALDIAS":"Iztacalco","AÑO":2008,"CVE_EST":"MB0220"}},
{"type":"Feature","geometry":{"type":"Point","coordinates":[-99.10391106047608,19.3972190805004,0]},"properties":{"SISTEMA":"Metrobús","NOMBRE":"Tlacotal","LINEA":"02","EST":"21","CVE_EOD17":"11079","TIPO":"Intermedia","ALCALDIAS":"Iztacalco","AÑO":2008,"CVE_EST":"MB0221"}},
{"type":"Feature","geometry":{"type":"Point","coordinates":[-99.1000071986185,19.396890745591413,0]},"properties":{"SISTEMA":"Metrobús","NOMBRE":"Goma","LINEA":"02","EST":"22","CVE_EOD17":"11063","TIPO":"Intermedia","ALCALDIAS":"Iztacalco","AÑO":2008,"CVE_EST":"MB0222"}},
{"type":"Feature","geometry":{"type":"Point","coordinates":[-99.0959575586171,19.39654706389362,0]},"properties":{"SISTEMA":"Metrobús","NOMBRE":"Iztacalco","LINEA":"02","EST":"23","CVE_EOD17":"11064","TIPO":"Intermedia","ALCALDIAS":"Iztacalco","AÑO":2008,"CVE_EST":"MB0223"}},
{"type":"Feature","geometry":{"type":"Point","coordinates":[-99.09039212721716,19.393935027363515,0]},"properties":{"SISTEMA":"Metrobús","NOMBRE":"UPIICSA","LINEA":"02","EST":"24","CVE_EOD17":"11080","TIPO":"Intermedia","ALCALDIAS":"Iztacalco","AÑO":2008,"CVE_EST":"MB0224"}},
{"type":"Feature","geometry":{"type":"Point","coordinates":[-99.0870802443113,19.391661319394384,0]},"properties":{"SISTEMA":"Metrobús","NOMBRE":"El Rodeo","LINEA":"02","EST":"25","CVE_EOD17":"11060","TIPO":"Intermedia","ALCALDIAS":"Iztacalco","AÑO":2008,"CVE_EST":"MB0225"}},
{"type":"Feature","geometry":{"type":"Point","coordinates":[-99.08315001557841,19.389056448112665,0]},"properties":{"SISTEMA":"Metrobús","NOMBRE":"Río Tecolutla","LINEA":"02","EST":"26","CVE_EOD17":"11075","TIPO":"Intermedia","ALCALDIAS":"Iztapalapa","AÑO":2008,"CVE_EST":"MB0226"}},
{"type":"Feature","geometry":{"type":"Point","coordinates":[-99.0800235675874,19.386961805905234,0]},"properties":{"SISTEMA":"Metrobús","NOMBRE":"Río Mayo","LINEA":"02","EST":"27","CVE_EOD17":"11074","TIPO":"Intermedia","ALCALDIAS":"Iztapalapa","AÑO":2008,"CVE_EST":"MB0227"}},
{"type":"Feature","geometry":{"type":"Point","coordinates":[-99.07636651329226,19.38450894412519,0]},"properties":{"SISTEMA":"Metrobús","NOMBRE":"Rojo Gómez","LINEA":"02","EST":"28","CVE_EOD17":"11076","TIPO":"Intermedia","ALCALDIAS":"Iztapalapa","AÑO":2008,"CVE_EST":"MB0228"}},
{"type":"Feature","geometry":{"type":"Point","coordinates":[-99.07428095755373,19.387628405483152,0]},"properties":{"SISTEMA":"Metrobús","NOMBRE":"Río Frío","LINEA":"02","EST":"29","CVE_EOD17":"11073","TIPO":"Intermedia","ALCALDIAS":"Iztacalco / Iztapalapa","AÑO":2008,"CVE_EST":"MB0229"}},
{"type":"Feature","geometry":{"type":"Point","coordinates":[-99.07092025127193,19.384197176822695,0]},"properties":{"SISTEMA":"Metrobús","NOMBRE":"Del Moral","LINEA":"02","EST":"30","CVE_EOD17":"11058","TIPO":"Intermedia","ALCALDIAS":"Iztapalapa","AÑO":2008,"CVE_EST":"MB0230"}},
{"type":"Feature","geometry":{"type":"Point","coordinates":[-99.06581961925359,19.38347015851191,0]},"properties":{"SISTEMA":"Metrobús","NOMBRE":"Leyes de Reforma","LINEA":"02","EST":"31","CVE_EOD17":"11067","TIPO":"Intermedia","ALCALDIAS":"Iztacalco / Iztapalapa","AÑO":2008,"CVE_EST":"MB0231"}},
{"type":"Feature","geometry":{"type":"Point","coordinates":[-99.06079184774053,19.383326965131754,0]},"properties":{"SISTEMA":"Metrobús","NOMBRE":"CCH Oriente","LINEA":"02","EST":"32","CVE_EOD17":"11053","TIPO":"Intermedia","ALCALDIAS":"Iztacalco / Iztapalapa","AÑO":2008,"CVE_EST":"MB0232"}},
{"type":"Feature","geometry":{"type":"Point","coordinates":[-99.05984821878982,19.389031206363967,0]},"properties":{"SISTEMA":"Metrobús","NOMBRE":"Const. de Apatzingán","LINEA":"02","EST":"33","CVE_EOD17":"11055","TIPO":"Intermedia","ALCALDIAS":"Iztacalco / Iztapalapa","AÑO":2008,"CVE_EST":"MB0233"}},
{"type":"Feature","geometry":{"type":"Point","coordinates":[-99.05654752017976,19.396711223779064,0]},"properties":{"SISTEMA":"Metrobús","NOMBRE":"Canal de San Juan","LINEA":"02","EST":"34","CVE_EOD17":"11051","TIPO":"Intermedia","ALCALDIAS":"Iztapalapa","AÑO":2008,"CVE_EST":"MB0234"}},
{"type":"Feature","geometry":{"type":"Point","coordinates":[-99.05173381363612,19.385381301595025,0]},"properties":{"SISTEMA":"Metrobús","NOMBRE":"Gral. Antonio de León","LINEA":"02","EST":"35","CVE_EOD17":"11062","TIPO":"Intermedia","ALCALDIAS":"Iztapalapa","AÑO":2008,"CVE_EST":"MB0235"}},
{"type":"Feature","geometry":{"type":"Point","coordinates":[-99.05092532012848,19.393495417171533,0]},"properties":{"SISTEMA":"Metrobús","NOMBRE":"Nicolás Bravo","LINEA":"02","EST":"36","CVE_EOD17":"11068","TIPO":"Intermedia","ALCALDIAS":"Iztapalapa","AÑO":2008,"CVE_EST":"MB0236"}},
{"type":"Feature","geometry":{"type":"Point","coordinates":[-99.04761259244655,19.390767861575902,0]},"properties":{"SISTEMA":"Metrobús","NOMBRE":"Tepalcates","LINEA":"02","EST":"37","CVE_EOD17":"11078","TIPO":"Terminal","ALCALDIAS":"Iztapalapa","AÑO":2008,"CVE_EST":"MB0237"}},
{"type":"Feature","geometry":{"type":"Point","coordinates":[-99.11971262485865,19.496853351807463,0]},"properties":{"SISTEMA":"Metrobús","NOMBRE":"Indios Verdes","LINEA":"01","EST":"01","CVE_EOD17":"","TIPO":"","ALCALDIAS":"Gustavo A. Madero","AÑO":null,"CVE_EST":"MB0101"}},
{"type":"Feature","geometry":{"type":"Point","coordinates":[-99.1520594315926,19.446394908252973,0]},"properties":{"SISTEMA":"Metrobús","NOMBRE":"Buenavista II","LINEA":"01","EST":"47","CVE_EOD17":"","TIPO":"Terminal","ALCALDIAS":"Cuauhtémoc","AÑO":null,"CVE_EST":"MB0147"}}
]}